{"CAMeL-Lab/bert-base-arabic-camelbert-mix": {"pRR": 0.12906758813551927, "exact_match": 0.003663003663003663, "f1": 0.10349880722874749}, "CAMeL-Lab/bert-base-arabic-camelbert-ca": {"pRR": 0.11646576956143223, "exact_match": 0.003663003663003663, "f1": 0.09261998582865365}, "bert-base-cased": {"pRR": 0.10786757269906597, "exact_match": 0.001221001221001221, "f1": 0.07858916180564851}, "bert-base-uncased": {"pRR": 0.1003231181462045, "exact_match": 0.002442002442002442, "f1": 0.07061552799173902}, "aubmindlab/araelectra-base-generator": {"pRR": 0.1336018870627547, "exact_match": 0.003663003663003663, "f1": 0.10331842767406314}, "aubmindlab/araelectra-base-discriminator": {"pRR": 0.12716776212524397, "exact_match": 0.002442002442002442, "f1": 0.09493013673351615}, "aubmindlab/bert-large-arabertv2": {"pRR": 0.13128237299724485, "exact_match": 0.002442002442002442, "f1": 0.09698476524381845}, "IProject-10/bert-base-uncased-finetuned-squad2": {"pRR": 0.05689177348514567, "exact_match": 0.001221001221001221, "f1": 0.09698476524381845}}