{"IProject-10/bert-base-uncased-finetuned-squad2": {"pRR": 0.05694991640043145, "exact_match": 0.001221001221001221, "f1": 0.00681045635270636}, "CAMeL-Lab/bert-base-arabic-camelbert-mix": {"pRR": 0.1410064332736399, "exact_match": 0.003663003663003663, "f1": 0.11400507702149036}, "CAMeL-Lab/bert-base-arabic-camelbert-ca": {"pRR": 0.14114263518763012, "exact_match": 0.003663003663003663, "f1": 0.11575394657900646}, "bert-base-cased": {"pRR": 0.10225475986315796, "exact_match": 0.003663003663003663, "f1": 0.0715484626328456}, "bert-base-uncased": {"pRR": 0.10752761255352813, "exact_match": 0.002442002442002442, "f1": 0.07745266510774369}, "aubmindlab/araelectra-base-generator": {"pRR": 0.1374346138467489, "exact_match": 0.0, "f1": 0.1081103623751302}, "aubmindlab/araelectra-base-discriminator": {"pRR": 0.1231051909582115, "exact_match": 0.001221001221001221, "f1": 0.09018172882558295}}